{
    "id": "birthday",
    "name": "Birthday Widget",
    "description": "Adds a widget to the dashbaord showing upcoming birthdays.",
    "keywords": [
        "birthday",
        "widget",
        "dashboard"
    ],
    "version": "1.0.15",
    "humhub": {
        "minVersion": "1.8"
    },
    "homepage": "https://github.com/humhub-contrib/birthday",
    "authors": [
        {
            "name": "Sebastian Stumpf"
        }
    ],
    "screenshots": [
        "assets/screen1.PNG",
        "assets/screen2.PNG",
        "assets/screen3.PNG"
    ]
}
